{
  "chart1": {
    "container": "container1",
    "subcontainer": "287c7",
    "row": 6.8,
    "height": 7,
    "width": 11
  },
  "container1": {
    "row": 4.4,
    "height": 2,
    "width": 12
  },
  "containerTitle1": {
    "container": "container1",
    "rowGroup": "header",
    "height": 0.6,
    "width": 12
  },
  "containerTitle2": {
    "container": "date_selector",
    "rowGroup": "header",
    "height": 0.6,
    "width": 12
  },
  "dashboard_title": {
    "row": 0,
    "height": 0.6,
    "width": 12
  },
  "date_from": {
    "container": "date_selector",
    "subcontainer": "6416a",
    "row": 0.2,
    "height": 0.2,
    "width": 5
  },
  "date_selector": {
    "row": 0.6,
    "height": 3.8,
    "width": 12
  },
  "date_to": {
    "container": "date_selector",
    "subcontainer": "6416a",
    "row": 0.2,
    "col": 6,
    "height": 0.2,
    "width": 5
  },
  "table1": {
    "container": "container1",
    "subcontainer": "287c7",
    "row": 1.2,
    "height": 1,
    "width": 5
  },
  "table2": {
    "container": "container1",
    "subcontainer": "287c7",
    "row": 1.2,
    "col": 6,
    "height": 1,
    "width": 5
  },
  "text1": {
    "container": "container1",
    "subcontainer": "287c7",
    "row": 0.6,
    "height": 0.6
  },
  "text2": {
    "container": "container1",
    "subcontainer": "287c7",
    "row": 0.6,
    "col": 6,
    "height": 0.6
  },
  "text3": {
    "container": "container1",
    "subcontainer": "287c7",
    "row": 6.2,
    "height": 0.6
  }
}
