{
  "toolscriptVersion": "1.0.0",
  "version": "43.0.9",
  "pageUuid": "b2534240-b12b-11ee-9495-4749769dda5a",
  "appTemplate": {
    "mobileAppSettings": {
      "object": {
        "mobileOfflineModeEnabled": false,
        "mobileOfflineModeDelaySync": false,
        "displaySetting": {
          "object": {
            "landscapeMode": false,
            "tabletMode": false
          }
        }
      }
    },
    "appMaxWidth": "1560px",
    "inAppRetoolPillAppearance": "HIDE_MENU",
    "experimentalFeatures": {
      "object": {
        "sourceControlTemplateDehydration": false
      }
    },
    "notificationsSettings": {
      "object": {
        "globalQueryShowFailureToast": true,
        "globalQueryShowSuccessToast": true,
        "globalQueryToastDuration": 4.5
      }
    },
    "version": "3.34.0",
    "experimentalDataTabEnabled": true
  }
}
